Type,Name,Request Count,Failure Count,Median Response Time,Average Response Time,Min Response Time,Max Response Time,Average Content Size,Requests/s,Failures/s,50%,66%,75%,80%,90%,95%,98%,99%,99.9%,99.99%,100%
POST,/v1/opscore/agent/[id]/workflow,2335,2335,2,3.013287483933828,0.7285500000762113,1047.2932290003882,0.0,2.167909175979606,2.167909175979606,2,2,3,3,4,5,8,12,130,1000,1000
POST,/v1/opscore/internal/agent/notify,100,100,2,2.422030199963956,0.9594690000085393,29.20952300019053,0.0,0.09284407605908376,0.09284407605908376,2,2,2,2,4,5,14,29,29,29,29
,Aggregated,2435,2435,2,2.9890058706291103,0.7285500000762113,1047.2932290003882,0.0,2.2607532520386897,2.2607532520386897,2,2,3,3,4,5,8,12,130,1000,1000
