Type,Name,Request Count,Failure Count,Median Response Time,Average Response Time,Min Response Time,Max Response Time,Average Content Size,Requests/s,Failures/s,50%,66%,75%,80%,90%,95%,98%,99%,99.9%,99.99%,100%
POST,/v1/opscore/agent/[id]/workflow,29,29,9,10.20356431035907,5.182558999877074,18.299263999324467,34.0,1.0331136551085562,1.0331136551085562,9,10,13,13,16,17,18,18,18,18,18
POST,/v1/opscore/internal/agent/notify,29,0,9,13.227117655113599,5.497612999533885,68.93185600074503,84.0,1.0331136551085562,0.0,9,10,11,12,22,52,69,69,69,69,69
,Aggregated,58,29,9,11.715340982736334,5.182558999877074,68.93185600074503,59.0,2.0662273102171125,1.0331136551085562,9,10,11,13,17,22,52,69,69,69,69
