Type,Name,Request Count,Failure Count,Median Response Time,Average Response Time,Min Response Time,Max Response Time,Average Content Size,Requests/s,Failures/s,50%,66%,75%,80%,90%,95%,98%,99%,99.9%,99.99%,100%
POST,/v1/opscore/agent/[id]/state,70869,40,22,94.26795451165049,1.5834200021345168,2253.487090987619,53.969521229310416,59.14267927318649,0.03338141036175845,22,41,68,97,250,430,760,1200,2000,2200,2300
POST,/v1/opscore/internal/agent/notify,500,0,26,36.28526049730135,8.544225973309949,213.5671279975213,84.0,0.4172676295219806,0.0,26,34,44,51,74,95,140,160,210,210,210
,Aggregated,71369,40,22,93.86173686803548,1.5834200021345168,2253.487090987619,54.17991004497751,59.55994690270847,0.03338141036175845,22,41,68,96,250,430,750,1200,2000,2200,2300
